{"cameraMode":{"drawMode":0,"name":"Shaded","section":"Shading Mode"},"sceneLighting":true,"audioPlay":false,"sceneViewState":{"showFog":true,"showMaterialUpdate":false,"showSkybox":true,"showFlares":true,"showImageEffects":true,"showParticleSystems":true},"in2DMode":false,"pivot":{"x":-542.2445678710938,"y":-13.289478302001954,"z":59.709617614746097},"rotation":{"x":-0.08137711882591248,"y":-0.9074015617370606,"z":0.3565457761287689,"w":-0.2070966362953186},"size":7.495649814605713,"orthographic":false}