{"cameraMode":{"drawMode":0,"name":"Shaded","section":"Shading Mode"},"sceneLighting":false,"audioPlay":false,"sceneViewState":{"showFog":true,"showMaterialUpdate":false,"showSkybox":true,"showFlares":true,"showImageEffects":true,"showParticleSystems":true},"in2DMode":false,"pivot":{"x":-475.2440185546875,"y":14.16839599609375,"z":123.61168670654297},"rotation":{"x":-0.124412901699543,"y":-0.8610019087791443,"z":0.42326077818870547,"w":-0.25308358669281008},"size":530.2781372070313,"orthographic":false}